elapsed_s,exec_per_sec_window,avg_input_bytes,gc_delta,run_queue,corpus_size,coverage_count,discoveries,iteration_total_us_per_execution,corpus_select_us_per_execution,mutation_us_per_execution,input_preparation_us_per_execution,executor_us_per_execution,executor_outer_us_us_per_execution,guardian_prepare_us_us_per_execution,trace_setup_us_us_per_execution,coverage_open_us_us_per_execution,target_us_us_per_execution,cleanup_wait_us_us_per_execution,guardian_finish_us_us_per_execution,trace_destroy_us_us_per_execution,shared_check_us_us_per_execution,get_coverage_us_us_per_execution,conversion_us_us_per_execution,novelty_us_us_per_execution,merge_us_us_per_execution,feedback_us_per_execution,corpus_decision_us_per_execution,corpus_store_us_per_execution,worker_unaccounted_us_per_execution
1.001,389.610,78.500,1444,1,29,292,17,2524.631,12.185,3.144,1.490,2192.236,251.723,1082.444,940.485,0.538,25.179,94.826,618.269,393.664,95.762,5.762,15.456,5.103,0.818,116.138,134.290,133.728,65.149
2.001,396.000,83.210,1269,1,35,301,6,2521.763,12.422,3.326,1.543,2232.169,254.391,1105.753,960.381,0.528,20.109,118.162,608.758,386.581,95.154,5.442,15.053,3.578,0.051,123.616,84.894,84.551,63.793
3.001,416.000,77.630,1331,1,36,302,1,2395.079,11.805,3.228,1.409,2171.380,248.909,1053.930,921.154,0.428,18.918,137.346,598.947,380.486,90.550,5.817,15.055,3.077,0.007,122.221,20.322,20.041,64.714
4.001,416.000,74.168,1339,1,36,302,0,2399.671,12.212,3.264,1.411,2184.065,259.671,1087.094,945.584,0.478,20.038,76.469,619.550,395.334,90.947,5.952,15.781,3.820,0.000,127.490,0.260,0.000,70.969
5.001,435.000,79.786,1372,1,39,310,3,2288.308,11.329,3.131,1.370,2040.320,246.051,1014.163,886.878,0.441,18.701,75.166,576.041,366.552,85.793,5.503,14.871,2.786,0.023,127.724,51.030,50.722,53.405
6.001,426.000,76.317,1316,1,40,311,1,2334.979,11.451,3.009,1.674,2104.852,260.998,1032.730,897.681,0.472,19.404,80.988,594.833,378.711,90.418,5.531,14.862,2.401,0.007,138.359,15.873,15.629,59.761
7.001,436.000,78.151,1355,1,41,312,1,2284.656,11.179,2.986,1.303,2064.700,254.495,1048.126,915.284,0.408,18.888,42.814,585.693,374.778,88.174,5.339,14.807,2.411,0.009,137.193,14.750,14.493,52.546
8.001,418.000,82.120,1306,1,42,313,1,2377.261,11.392,3.146,1.311,2147.856,262.725,1025.105,890.617,0.414,19.376,120.541,603.335,382.165,91.383,5.691,15.222,2.464,0.012,141.651,16.199,15.928,55.706
9.001,411.000,76.027,1294,1,44,315,2,2415.873,11.491,3.044,1.316,2171.370,256.543,1041.594,909.676,0.465,18.893,151.436,590.645,375.650,89.061,5.596,15.341,2.487,0.015,140.207,31.849,31.574,56.596
10.001,407.000,79.474,1286,1,45,317,1,2437.243,11.939,3.270,1.317,2191.260,275.378,1076.838,938.133,0.536,20.705,68.550,630.646,405.703,93.634,5.759,15.536,2.634,0.007,148.767,17.742,17.364,62.948
